{
    "rot_angle": 0.7874348431086999,
    "strike": 224.88330684832536,
    "x0": 321063.31049255736,
    "y0": 3398621.1564545436
}
